{"properties": [
  {
    "name": "hibernate.dialect",
    "type": "java.lang.String",
    "description": "A description for 'hibernate.dialect'"
  },
  {
    "name": "hibernate.show_sql",
    "type": "java.lang.String",
    "description": "A description for 'hibernate.show_sql'"
  },
  {
    "name": "hibernate.hbm2ddl.auto",
    "type": "java.lang.String",
    "description": "A description for 'hibernate.hbm2ddl.auto'"
  },
  {
    "name": "hibernate.generate_statistics",
    "type": "java.lang.String",
    "description": "A description for 'hibernate.generate_statistics'"
  },
  {
    "name": "entitymanager.packagesToScan",
    "type": "java.lang.String",
    "description": "A description for 'entitymanager.packagesToScan'"
  }
]}